{
  "providers": [
    {
      "type": "bitmap",
      "file": "minecraft:font/cat_aaah.png",
      "ascent": 9,
      "height": 10,
      "chars": [
        "\uF666"
      ]
    },
    {
      "type": "bitmap",
      "file": "minecraft:font/catded.png",
      "ascent": 9,
      "height": 10,
      "chars": [
        "\uF0E5"
      ]
    },
    {
      "type": "bitmap",
      "file": "minecraft:font/cattocryomg.png",
      "ascent": 9,
      "height": 10,
      "chars": [
        "\uF129"
      ]
    },
    {
      "type": "bitmap",
      "file": "minecraft:font/craineuvi.png",
      "ascent": 9,
      "height": 10,
      "chars": [
        "\uF68A"
      ]
    },
    {
      "type": "bitmap",
      "file": "minecraft:font/huh.png",
      "ascent": 9,
      "height": 10,
      "chars": [
        "\uF5A4"
      ]
    },
    {
      "type": "bitmap",
      "file": "minecraft:font/momonod.png",
      "ascent": 9,
      "height": 10,
      "chars": [
        "\uF66B"
      ]
    },
    {
      "type": "bitmap",
      "file": "minecraft:font/nikki_gun.png",
      "ascent": 9,
      "height": 10,
      "chars": [
        "\uF24B"
      ]
    },
    {
      "type": "bitmap",
      "file": "minecraft:font/processing.png",
      "ascent": 9,
      "height": 10,
      "chars": [
        "\uF3CD"
      ]
    },
    {
      "type": "bitmap",
      "file": "minecraft:font/sophiesmile.png",
      "ascent": 9,
      "height": 10,
      "chars": [
        "\uF193"
      ]
    },
    {
      "type": "bitmap",
      "file": "minecraft:font/stareeee.png",
      "ascent": 9,
      "height": 10,
      "chars": [
        "\uF6D2"
      ]
    },
    {
      "type": "bitmap",
      "file": "minecraft:font/wow.png",
      "ascent": 9,
      "height": 10,
      "chars": [
        "\uF318"
      ]
    }
  ]
}